Method,mean,std
Image,0.46431547619047614,0.3698958897773949
SBERT,0.3849537037037037,0.39461487283091645
TF-IDF,0.2138938492063492,0.28929615055920377
